{
  "cities": [
    {
      "id": "e2f3",
      "cityName": "Pushkar",
      "country": "India",
      "date": "2026-01-13T18:30:00.000Z",
      "notes": "",
      "position": {
        "lat": 26.47148975966802,
        "lng": 74.47811892442483
      }
    },
    {
      "id": "6792",
      "cityName": "Laggala",
      "country": "Sri Lanka",
      "date": "2026-01-05T18:30:00.000Z",
      "notes": "",
      "position": {
        "lat": 7.496618592856134,
        "lng": 80.82609916667934
      }
    },
    {
      "id": "108f",
      "cityName": "Millom Without",
      "country": "United Kingdom of Great Britain and Northern Ireland (the)",
      "date": "2026-01-03T18:30:00.000Z",
      "notes": "us ",
      "position": {
        "lat": 54.21934646101537,
        "lng": -3.246657656735073
      }
    },
    {
      "id": "df49",
      "cityName": "Bengaluru",
      "country": "India",
      "date": "2026-01-07T18:30:00.000Z",
      "notes": "It hub",
      "position": {
        "lat": 12.940975202855304,
        "lng": 77.5753724176171
      }
    },
    {
      "id": "6ea0",
      "cityName": "Pathardi",
      "country": "India",
      "date": "2025-12-30T18:30:00.000Z",
      "notes": "",
      "position": {
        "lat": 19.23047477818016,
        "lng": 75.314425675905
      }
    },
    {
      "id": "58db",
      "cityName": "Srinagar",
      "country": "India",
      "date": "2026-01-07T18:30:00.000Z",
      "notes": "",
      "position": {
        "lat": 34.090752323547335,
        "lng": 74.85232698766492
      }
    },
    {
      "id": "0052",
      "cityName": "Chikhaldara",
      "country": "India",
      "date": "2026-01-04T18:30:00.000Z",
      "notes": "",
      "position": {
        "lat": 21.250113194040644,
        "lng": 76.92799510607108
      }
    },
    {
      "id": "917f",
      "cityName": "Kotto",
      "country": "Central African Republic (the)",
      "date": "2026-01-06T18:30:00.000Z",
      "notes": "",
      "position": {
        "lat": 5.335168941707982,
        "lng": 21.873839275843757
      }
    },
    {
      "id": "763b",
      "cityName": "Petlawad",
      "country": "India",
      "date": "2026-01-07T18:30:00.000Z",
      "notes": "",
      "flagUrl": "https://flagcdn.com/w40/in.png",
      "position": {
        "lat": 23.080877440837725,
        "lng": 74.76533357198504
      }
    },
    {
      "id": "4684",
      "cityName": "Sui",
      "country": "Pakistan",
      "date": "2026-01-01T18:30:00.000Z",
      "notes": "",
      "position": {
        "lat": 28.88439396571276,
        "lng": 69.33682313166088
      }
    }
  ]
}